domain,status_com,segment,ai,io,gg,club
aeris.com,taken,human,-,-,-,-
agedefypeptide.com,taken,human,-,-,-,-
agedefypeptides.com,taken,human,-,-,-,-
ageless2peptide.com,available,human,AVAIL,AVAIL,AVAIL,AVAIL
ageless2peptides.com,available,human,AVAIL,AVAIL,AVAIL,AVAIL
agelesshound.com,available,dog,AVAIL,AVAIL,AVAIL,AVAIL
agelesslabs.com,taken,human,-,-,-,-
agelesspaw.com,available,dog,AVAIL,AVAIL,AVAIL,AVAIL
agelesspaws.com,taken,dog,-,-,-,-
agelesspeptide.com,taken,human,-,-,-,-
agelesspeptides.com,taken,human,-,-,-,-
agelesspup.com,taken,dog,-,-,-,-
agerewindpeptide.com,available,human,AVAIL,AVAIL,AVAIL,AVAIL
agerewindpeptides.com,taken,human,-,-,-,-
alphalabs.com,taken,human,-,-,-,-
alphapeptide.com,taken,human,-,-,-,-
alphapeptides.com,taken,human,-,-,-,-
amagansettpeptide.com,available,place,AVAIL,AVAIL,AVAIL,AVAIL
amagansettpeptides.com,available,place,AVAIL,AVAIL,AVAIL,AVAIL
americanpeptide.com,taken,human,-,-,-,-
americanpeptides.com,taken,human,-,-,-,-
americapeptide.com,taken,human,-,-,-,-
americapeptides.com,taken,human,-,-,-,-
aminoq.com,unknown,human,-,-,-,-
aminova.com,taken,human,-,-,-,-
amivo.com,taken,human,-,-,-,-
anchorpeptide.com,taken,human,-,-,-,-
anchorpeptides.com,taken,human,-,-,-,-
apexpeptide.com,taken,human,-,-,-,-
apexpeptides.com,taken,human,-,-,-,-
arcpeptide.com,taken,human,-,-,-,-
arcpeptides.com,taken,human,-,-,-,-
ardentpeptide.com,available,human,AVAIL,AVAIL,AVAIL,AVAIL
ardentpeptides.com,taken,human,-,-,-,-
arizonapeptide.com,taken,human,-,-,-,-
arizonapeptides.com,taken,human,-,-,-,-
ascendpeptide.com,taken,human,-,-,-,-
ascendpeptides.com,taken,human,-,-,-,-
aspenhighlandspeptide.com,available,place,AVAIL,AVAIL,AVAIL,AVAIL
aspenhighlandspeptides.com,available,place,AVAIL,AVAIL,AVAIL,AVAIL
aspenlabs.com,taken,place,-,-,-,-
aspenpeptide.com,available,human,AVAIL,AVAIL,AVAIL,AVAIL
aspenpeptides.com,taken,human,-,-,-,-
athertonpeptide.com,available,place,AVAIL,AVAIL,AVAIL,AVAIL
athertonpeptides.com,available,place,AVAIL,AVAIL,AVAIL,AVAIL
athletelabs.com,taken,human,-,-,-,-
athletepeptide.com,taken,human,-,-,-,-
athletepeptides.com,taken,human,-,-,-,-
athleticpeptide.com,available,human,AVAIL,AVAIL,AVAIL,AVAIL
athleticpeptides.com,taken,human,-,-,-,-
atlanticpeptide.com,taken,human,-,-,-,-
atlanticpeptides.com,taken,human,-,-,-,-
atlaspeptide.com,taken,human,-,-,-,-
atlaspeptides.com,unknown,human,-,-,-,-
auris.com,taken,human,-,-,-,-
aurorapeptide.com,taken,human,-,-,-,-
aurorapeptides.com,taken,human,-,-,-,-
austinpeptide.com,taken,human,-,-,-,-
austinpeptides.com,taken,human,-,-,-,-
autophagypeptide.com,available,human,AVAIL,AVAIL,AVAIL,AVAIL
autophagypeptides.com,available,human,AVAIL,AVAIL,AVAIL,AVAIL
azurepeptide.com,available,human,AVAIL,AVAIL,AVAIL,AVAIL
azurepeptides.com,taken,human,-,-,-,-
balancepeptide.com,taken,human,-,-,-,-
balancepeptides.com,taken,human,-,-,-,-
bannerpeptide.com,available,human,AVAIL,AVAIL,AVAIL,AVAIL
bannerpeptides.com,available,human,AVAIL,AVAIL,AVAIL,AVAIL
barklab.com,taken,dog,-,-,-,-
barkpeptides.com,taken,dog,-,-,-,-
barkscience.com,taken,dog,-,-,-,-
barkspan.com,taken,dog,-,-,-,-
barkthrive.com,available,dog,AVAIL,AVAIL,AVAIL,AVAIL
barkvital.com,taken,dog,-,-,-,-
barkwell.com,taken,dog,-,-,-,-
beaconpeptide.com,taken,human,-,-,-,-
beaconpeptides.com,taken,human,-,-,-,-
beastlabs.com,taken,human,-,-,-,-
beastpeptide.com,taken,human,-,-,-,-
beastpeptides.com,taken,human,-,-,-,-
bedrockpeptide.com,available,human,AVAIL,AVAIL,AVAIL,AVAIL
bedrockpeptides.com,taken,human,-,-,-,-
belairpeptide.com,available,place,AVAIL,AVAIL,AVAIL,AVAIL
belairpeptides.com,taken,place,-,-,-,-
bestboy.com,taken,dog,-,-,-,-
bestboylabs.com,available,dog,AVAIL,AVAIL,AVAIL,AVAIL
bestfriendhealth.com,taken,dog,-,-,-,-
bestfriendlabs.com,available,dog,AVAIL,AVAIL,AVAIL,AVAIL
beverlyhillslabs.com,taken,place,-,-,-,-
beverlyhillspeptide.com,taken,place,-,-,-,-
beverlyhillspeptides.com,available,place,AVAIL,AVAIL,AVAIL,AVAIL
bigskypeptide.com,available,place,AVAIL,AVAIL,AVAIL,AVAIL
bigskypeptides.com,taken,place,-,-,-,-
bioagelabs.com,taken,human,-,-,-,-
bioagepeptide.com,available,human,AVAIL,AVAIL,AVAIL,AVAIL
bioagepeptides.com,taken,human,-,-,-,-
biohackerpeptide.com,taken,human,-,-,-,-
biohackerpeptides.com,taken,human,-,-,-,-
biohacklabs.com,taken,human,-,-,-,-
biohackpeptide.com,taken,human,-,-,-,-
biohackpeptides.com,taken,human,-,-,-,-
bisonpeptide.com,available,human,AVAIL,AVAIL,AVAIL,AVAIL
bisonpeptides.com,taken,human,-,-,-,-
bocapeptide.com,available,place,AVAIL,AVAIL,AVAIL,AVAIL
bocapeptides.com,taken,place,-,-,-,-
boldpeptide.com,taken,human,-,-,-,-
boldpeptides.com,taken,human,-,-,-,-
boostpeptide.com,unknown,human,-,-,-,-
boostpeptides.com,taken,human,-,-,-,-
boulderpeptide.com,available,human,AVAIL,AVAIL,AVAIL,AVAIL
boulderpeptides.com,available,human,AVAIL,AVAIL,AVAIL,AVAIL
boundlesspeptide.com,available,human,AVAIL,AVAIL,AVAIL,AVAIL
boundlesspeptides.com,taken,human,-,-,-,-
brainpeptide.com,taken,human,-,-,-,-
brainpeptides.com,taken,human,-,-,-,-
bravepeptide.com,taken,human,-,-,-,-
bravepeptides.com,taken,human,-,-,-,-
bravopeptide.com,available,human,AVAIL,AVAIL,AVAIL,AVAIL
bravopeptides.com,available,human,AVAIL,AVAIL,AVAIL,AVAIL
brentwoodpeptide.com,taken,place,-,-,-,-
brentwoodpeptides.com,taken,place,-,-,-,-
bridgehamptonpeptide.com,available,place,AVAIL,AVAIL,AVAIL,AVAIL
bridgehamptonpeptides.com,available,place,AVAIL,AVAIL,AVAIL,AVAIL
brightpeptide.com,taken,human,-,-,-,-
brightpeptides.com,taken,human,-,-,-,-
calabasaspeptide.com,available,place,AVAIL,AVAIL,AVAIL,AVAIL
calabasaspeptides.com,taken,place,-,-,-,-
caliberpeptide.com,taken,human,-,-,-,-
caliberpeptides.com,taken,human,-,-,-,-
californiapeptide.com,taken,human,-,-,-,-
californiapeptides.com,taken,human,-,-,-,-
caninecore.com,taken,human,-,-,-,-
caninepeptide.com,taken,human,-,-,-,-
caninepeptides.com,taken,human,-,-,-,-
caninethrive.com,taken,human,-,-,-,-
caninevital.com,taken,human,-,-,-,-
caninewell.com,taken,human,-,-,-,-
canyonpeptide.com,available,human,AVAIL,AVAIL,AVAIL,AVAIL
canyonpeptides.com,taken,human,-,-,-,-
capecodpeptide.com,available,place,AVAIL,AVAIL,AVAIL,AVAIL
capecodpeptides.com,available,place,AVAIL,AVAIL,AVAIL,AVAIL
cardiopeptide.com,taken,human,-,-,-,-
cardiopeptides.com,taken,human,-,-,-,-
carmelpeptide.com,available,place,AVAIL,AVAIL,AVAIL,AVAIL
carmelpeptides.com,available,place,AVAIL,AVAIL,AVAIL,AVAIL
catalystpeptide.com,taken,human,-,-,-,-
catalystpeptides.com,taken,human,-,-,-,-
cedarpeptide.com,available,human,AVAIL,AVAIL,AVAIL,AVAIL
cedarpeptides.com,taken,human,-,-,-,-
cellularlabs.com,taken,human,-,-,-,-
cellularpeptide.com,taken,human,-,-,-,-
cellularpeptides.com,taken,human,-,-,-,-
certifiedpeptide.com,taken,human,-,-,-,-
certifiedpeptides.com,unknown,human,-,-,-,-
championpeptide.com,taken,human,-,-,-,-
championpeptides.com,taken,human,-,-,-,-
charlestonlabs.com,taken,place,-,-,-,-
charlestonpeptide.com,available,place,AVAIL,AVAIL,AVAIL,AVAIL
charlestonpeptides.com,taken,place,-,-,-,-
chathampeptide.com,available,place,AVAIL,AVAIL,AVAIL,AVAIL
chathampeptides.com,available,place,AVAIL,AVAIL,AVAIL,AVAIL
cipherpeptide.com,available,human,AVAIL,AVAIL,AVAIL,AVAIL
cipherpeptides.com,taken,human,-,-,-,-
citadelpeptide.com,available,human,AVAIL,AVAIL,AVAIL,AVAIL
citadelpeptides.com,taken,human,-,-,-,-
claritide.com,taken,human,-,-,-,-
claritylabs.com,taken,human,-,-,-,-
claritypeptide.com,taken,human,-,-,-,-
claritypeptides.com,taken,human,-,-,-,-
cleanpeptide.com,taken,human,-,-,-,-
cleanpeptides.com,taken,human,-,-,-,-
clearpeptide.com,taken,human,-,-,-,-
clearpeptides.com,taken,human,-,-,-,-
clinicalpeptide.com,taken,human,-,-,-,-
clinicalpeptides.com,taken,human,-,-,-,-
coastalpeptide.com,taken,human,-,-,-,-
coastalpeptides.com,taken,human,-,-,-,-
cobaltpeptide.com,available,human,AVAIL,AVAIL,AVAIL,AVAIL
cobaltpeptides.com,taken,human,-,-,-,-
cognitionpeptide.com,available,human,AVAIL,AVAIL,AVAIL,AVAIL
cognitionpeptides.com,taken,human,-,-,-,-
cognitivelabs.com,taken,human,-,-,-,-
cognitivepeptide.com,taken,human,-,-,-,-
cognitivepeptides.com,taken,human,-,-,-,-
collapaws.com,available,dog,AVAIL,AVAIL,AVAIL,AVAIL
collapup.com,available,dog,AVAIL,AVAIL,AVAIL,AVAIL
compasspeptide.com,available,human,AVAIL,AVAIL,AVAIL,AVAIL
compasspeptides.com,taken,human,-,-,-,-
copperpeptide.com,taken,human,-,-,-,-
copperpeptides.com,taken,human,-,-,-,-
coralpeptide.com,available,human,AVAIL,AVAIL,AVAIL,AVAIL
coralpeptides.com,taken,human,-,-,-,-
corepeptide.com,taken,human,-,-,-,-
corepeptides.com,taken,human,-,-,-,-
coronadopeptide.com,available,place,AVAIL,AVAIL,AVAIL,AVAIL
coronadopeptides.com,available,place,AVAIL,AVAIL,AVAIL,AVAIL
covepeptide.com,taken,human,-,-,-,-
covepeptides.com,taken,human,-,-,-,-
crestpeptide.com,taken,human,-,-,-,-
crestpeptides.com,taken,human,-,-,-,-
crownpeptide.com,taken,human,-,-,-,-
crownpeptides.com,taken,human,-,-,-,-
crystalpeptide.com,taken,human,-,-,-,-
crystalpeptides.com,unknown,human,-,-,-,-
cutpeptide.com,available,human,AVAIL,AVAIL,AVAIL,AVAIL
cutpeptides.com,available,human,AVAIL,AVAIL,AVAIL,AVAIL
cypresspeptide.com,available,human,AVAIL,AVAIL,AVAIL,AVAIL
cypresspeptides.com,taken,human,-,-,-,-
dailypeptide.com,taken,human,-,-,-,-
dailypeptides.com,taken,human,-,-,-,-
darienpeptide.com,available,place,AVAIL,AVAIL,AVAIL,AVAIL
darienpeptides.com,available,place,AVAIL,AVAIL,AVAIL,AVAIL
dawnpeptide.com,taken,human,-,-,-,-
dawnpeptides.com,taken,human,-,-,-,-
deltapeptide.com,taken,human,-,-,-,-
deltapeptides.com,taken,human,-,-,-,-
denverpeptide.com,taken,human,-,-,-,-
denverpeptides.com,taken,human,-,-,-,-
diamondpeptide.com,taken,human,-,-,-,-
diamondpeptides.com,taken,human,-,-,-,-
doctorpeptide.com,taken,human,-,-,-,-
doctorpeptides.com,taken,human,-,-,-,-
dogllagen.com,taken,human,-,-,-,-
doglongevity.com,taken,human,-,-,-,-
dogpeptide.com,taken,human,-,-,-,-
dogpeptides.com,taken,human,-,-,-,-
dogspan.com,taken,human,-,-,-,-
dogthrive.com,taken,human,-,-,-,-
dogyears.com,taken,human,-,-,-,-
driftpeptide.com,available,human,AVAIL,AVAIL,AVAIL,AVAIL
driftpeptides.com,taken,human,-,-,-,-
drivepeptide.com,available,human,AVAIL,AVAIL,AVAIL,AVAIL
drivepeptides.com,taken,human,-,-,-,-
dynamicpeptide.com,taken,human,-,-,-,-
dynamicpeptides.com,taken,human,-,-,-,-
eaglepeptide.com,taken,human,-,-,-,-
eaglepeptides.com,taken,human,-,-,-,-
easthamptonpeptide.com,available,place,AVAIL,AVAIL,AVAIL,AVAIL
easthamptonpeptides.com,available,place,AVAIL,AVAIL,AVAIL,AVAIL
eastpeptide.com,taken,human,-,-,-,-
eastpeptides.com,taken,human,-,-,-,-
edgartownpeptide.com,available,place,AVAIL,AVAIL,AVAIL,AVAIL
edgartownpeptides.com,available,place,AVAIL,AVAIL,AVAIL,AVAIL
elementalpeptide.com,taken,human,-,-,-,-
elementalpeptides.com,taken,human,-,-,-,-
elementpeptide.com,taken,human,-,-,-,-
elevatepeptide.com,taken,human,-,-,-,-
elevatepeptides.com,taken,human,-,-,-,-
elitelabs.com,taken,human,-,-,-,-
elitepeptide.com,taken,human,-,-,-,-
elitepeptides.com,taken,human,-,-,-,-
elixirlabs.com,taken,human,-,-,-,-
elixirpeptide.com,taken,human,-,-,-,-
elixirpeptides.com,taken,human,-,-,-,-
emberlypeptide.com,available,human,AVAIL,AVAIL,AVAIL,AVAIL
emberlypeptides.com,available,human,AVAIL,AVAIL,AVAIL,AVAIL
emberpeptide.com,taken,human,-,-,-,-
emberpeptides.com,taken,human,-,-,-,-
emeraldpeptide.com,taken,human,-,-,-,-
emeraldpeptides.com,taken,human,-,-,-,-
endeavorpeptide.com,available,human,AVAIL,AVAIL,AVAIL,AVAIL
endeavorpeptides.com,taken,human,-,-,-,-
endurancepeptide.com,taken,human,-,-,-,-
endurancepeptides.com,taken,human,-,-,-,-
epigeneticpeptide.com,taken,human,-,-,-,-
epigeneticpeptides.com,taken,human,-,-,-,-
essentialpeptide.com,taken,human,-,-,-,-
essentialpeptides.com,taken,human,-,-,-,-
eternalpeptide.com,taken,human,-,-,-,-
eternalpeptides.com,taken,human,-,-,-,-
ethospeptide.com,taken,human,-,-,-,-
ethospeptides.com,taken,human,-,-,-,-
evergreenpeptide.com,taken,human,-,-,-,-
evergreenpeptides.com,unknown,human,-,-,-,-
everly.com,taken,human,-,-,-,-
everpeptide.com,taken,human,-,-,-,-
everpeptides.com,taken,human,-,-,-,-
everyoungpeptide.com,available,human,AVAIL,AVAIL,AVAIL,AVAIL
everyoungpeptides.com,taken,human,-,-,-,-
evolvepeptide.com,taken,human,-,-,-,-
evolvepeptides.com,taken,human,-,-,-,-
exactpeptide.com,taken,human,-,-,-,-
exactpeptides.com,taken,human,-,-,-,-
falconpeptide.com,available,human,AVAIL,AVAIL,AVAIL,AVAIL
falconpeptides.com,taken,human,-,-,-,-
fathompeptide.com,taken,human,-,-,-,-
fathompeptides.com,taken,human,-,-,-,-
ferrapeptide.com,available,human,AVAIL,AVAIL,AVAIL,AVAIL
ferrapeptides.com,available,human,AVAIL,AVAIL,AVAIL,AVAIL
fetchlab.com,taken,dog,-,-,-,-
fetchpeptides.com,taken,dog,-,-,-,-
fetchthrive.com,available,dog,AVAIL,AVAIL,AVAIL,AVAIL
fetchvital.com,available,dog,AVAIL,AVAIL,AVAIL,AVAIL
fetchwell.com,taken,dog,-,-,-,-
firstpeptide.com,taken,human,-,-,-,-
firstpeptides.com,taken,human,-,-,-,-
fitlabs.com,taken,human,-,-,-,-
fitnesspeptide.com,taken,human,-,-,-,-
fitnesspeptides.com,taken,human,-,-,-,-
fitpeptide.com,taken,human,-,-,-,-
fitpeptides.com,taken,human,-,-,-,-
flexlabs.com,taken,human,-,-,-,-
flexpeptide.com,taken,human,-,-,-,-
flexpeptides.com,taken,human,-,-,-,-
flintpeptide.com,available,human,AVAIL,AVAIL,AVAIL,AVAIL
flintpeptides.com,taken,human,-,-,-,-
floridapeptide.com,taken,human,-,-,-,-
floridapeptides.com,taken,human,-,-,-,-
flowpeptide.com,taken,human,-,-,-,-
flowpeptides.com,taken,human,-,-,-,-
focuslabs.com,taken,human,-,-,-,-
focuspeptide.com,taken,human,-,-,-,-
focuspeptides.com,taken,human,-,-,-,-
foreverdog.com,taken,human,-,-,-,-
foreverfetch.com,taken,dog,-,-,-,-
foreverpaws.com,taken,dog,-,-,-,-
foreverpeptide.com,taken,human,-,-,-,-
foreverpeptides.com,taken,human,-,-,-,-
foreverpup.com,taken,dog,-,-,-,-
forgelabs.com,taken,human,-,-,-,-
forgepeptide.com,taken,human,-,-,-,-
forgepeptides.com,taken,human,-,-,-,-
formpeptide.com,taken,human,-,-,-,-
formpeptides.com,taken,human,-,-,-,-
fortispeptide.com,available,human,AVAIL,AVAIL,AVAIL,AVAIL
fortispeptides.com,taken,human,-,-,-,-
foundrypeptide.com,available,human,AVAIL,AVAIL,AVAIL,AVAIL
foundrypeptides.com,taken,human,-,-,-,-
fountainlabs.com,taken,human,-,-,-,-
fountainpeptide.com,taken,human,-,-,-,-
fountainpeptides.com,taken,human,-,-,-,-
freedompeptide.com,taken,human,-,-,-,-
freedompeptides.com,taken,human,-,-,-,-
freshpeptide.com,taken,human,-,-,-,-
freshpeptides.com,taken,human,-,-,-,-
frontierpeptide.com,taken,human,-,-,-,-
frontierpeptides.com,taken,human,-,-,-,-
fuelpeptide.com,taken,human,-,-,-,-
fuelpeptides.com,taken,human,-,-,-,-
fulcrumpeptide.com,available,human,AVAIL,AVAIL,AVAIL,AVAIL
fulcrumpeptides.com,available,human,AVAIL,AVAIL,AVAIL,AVAIL
furandform.com,taken,human,-,-,-,-
futurapeptide.com,available,human,AVAIL,AVAIL,AVAIL,AVAIL
futurapeptides.com,unknown,human,-,-,-,-
futurepeptide.com,taken,human,-,-,-,-
futurepeptides.com,taken,human,-,-,-,-
gainspeptide.com,available,human,AVAIL,AVAIL,AVAIL,AVAIL
gainspeptides.com,available,human,AVAIL,AVAIL,AVAIL,AVAIL
gallantpeptide.com,available,human,AVAIL,AVAIL,AVAIL,AVAIL
gallantpeptides.com,available,human,AVAIL,AVAIL,AVAIL,AVAIL
gempeptide.com,taken,human,-,-,-,-
gempeptides.com,taken,human,-,-,-,-
getpeptide.com,taken,human,-,-,-,-
getpeptides.com,taken,human,-,-,-,-
gladiatorpeptide.com,available,human,AVAIL,AVAIL,AVAIL,AVAIL
gladiatorpeptides.com,taken,human,-,-,-,-
glowlabs.com,taken,human,-,-,-,-
glowpeptide.com,taken,human,-,-,-,-
glowpeptides.com,taken,human,-,-,-,-
goldenpeptide.com,taken,human,-,-,-,-
goldenpeptides.com,taken,human,-,-,-,-
goldenyearsdog.com,taken,human,-,-,-,-
goodboyco.com,taken,dog,-,-,-,-
goodboylabs.com,unknown,dog,-,-,-,-
goodboypeptides.com,taken,dog,-,-,-,-
goodboyscience.com,taken,dog,-,-,-,-
goodboyvital.com,available,dog,AVAIL,AVAIL,AVAIL,AVAIL
goodpupco.com,taken,dog,-,-,-,-
gopeptides.com,unknown,human,-,-,-,-
granitepeptide.com,available,human,AVAIL,AVAIL,AVAIL,AVAIL
granitepeptides.com,taken,human,-,-,-,-
greenwichlabs.com,taken,place,-,-,-,-
greenwichpeptide.com,available,place,AVAIL,AVAIL,AVAIL,AVAIL
greenwichpeptides.com,available,place,AVAIL,AVAIL,AVAIL,AVAIL
grindpeptide.com,available,human,AVAIL,AVAIL,AVAIL,AVAIL
grindpeptides.com,available,human,AVAIL,AVAIL,AVAIL,AVAIL
gritpeptide.com,available,human,AVAIL,AVAIL,AVAIL,AVAIL
gritpeptides.com,taken,human,-,-,-,-
gutlabs.com,taken,human,-,-,-,-
gutpeptide.com,taken,human,-,-,-,-
gutpeptides.com,taken,human,-,-,-,-
gymlabs.com,taken,human,-,-,-,-
gympeptide.com,taken,human,-,-,-,-
gympeptides.com,taken,human,-,-,-,-
hamptonslabs.com,available,place,AVAIL,AVAIL,AVAIL,AVAIL
hamptonspeptide.com,available,place,AVAIL,AVAIL,AVAIL,AVAIL
hamptonspeptides.com,taken,place,-,-,-,-
happyhound.com,taken,dog,-,-,-,-
happytails.com,taken,dog,-,-,-,-
harborpeptide.com,available,human,AVAIL,AVAIL,AVAIL,AVAIL
harborpeptides.com,taken,human,-,-,-,-
harmonypeptide.com,taken,human,-,-,-,-
harmonypeptides.com,taken,human,-,-,-,-
havenpeptide.com,taken,human,-,-,-,-
havenpeptides.com,taken,human,-,-,-,-
healdsburgpeptide.com,available,place,AVAIL,AVAIL,AVAIL,AVAIL
healdsburgpeptides.com,available,place,AVAIL,AVAIL,AVAIL,AVAIL
healthpeptide.com,taken,human,-,-,-,-
healthpeptides.com,taken,human,-,-,-,-
healthspanlabs.com,taken,human,-,-,-,-
healthspanpeptide.com,available,human,AVAIL,AVAIL,AVAIL,AVAIL
healthspanpeptides.com,taken,human,-,-,-,-
healthyhound.com,taken,dog,-,-,-,-
healthypeptide.com,taken,human,-,-,-,-
healthypeptides.com,taken,human,-,-,-,-
heartpeptide.com,taken,human,-,-,-,-
heartpeptides.com,taken,human,-,-,-,-
helixa.com,taken,human,-,-,-,-
helixpeptide.com,taken,human,-,-,-,-
helixpeptides.com,unknown,human,-,-,-,-
helmpeptide.com,available,human,AVAIL,AVAIL,AVAIL,AVAIL
helmpeptides.com,taken,human,-,-,-,-
heritagepeptide.com,taken,human,-,-,-,-
heritagepeptides.com,taken,human,-,-,-,-
heronpeptide.com,available,human,AVAIL,AVAIL,AVAIL,AVAIL
heronpeptides.com,available,human,AVAIL,AVAIL,AVAIL,AVAIL
hillsboroughpeptide.com,available,place,AVAIL,AVAIL,AVAIL,AVAIL
hillsboroughpeptides.com,available,place,AVAIL,AVAIL,AVAIL,AVAIL
honestpeptide.com,taken,human,-,-,-,-
honestpeptides.com,taken,human,-,-,-,-
honorpeptide.com,available,human,AVAIL,AVAIL,AVAIL,AVAIL
honorpeptides.com,taken,human,-,-,-,-
horizonpeptide.com,taken,human,-,-,-,-
horizonpeptides.com,unknown,human,-,-,-,-
hormonepeptide.com,taken,human,-,-,-,-
hormonepeptides.com,taken,human,-,-,-,-
houndhealth.com,taken,dog,-,-,-,-
houndlab.com,taken,dog,-,-,-,-
houndlife.com,taken,dog,-,-,-,-
houndpeptides.com,available,dog,AVAIL,AVAIL,AVAIL,AVAIL
houndprime.com,taken,dog,-,-,-,-
houndspan.com,taken,dog,-,-,-,-
houndthrive.com,available,dog,AVAIL,AVAIL,AVAIL,AVAIL
houndvital.com,available,dog,AVAIL,AVAIL,AVAIL,AVAIL
houndwell.com,taken,dog,-,-,-,-
hustlepeptide.com,available,human,AVAIL,AVAIL,AVAIL,AVAIL
hustlepeptides.com,available,human,AVAIL,AVAIL,AVAIL,AVAIL
ignitepeptide.com,taken,human,-,-,-,-
ignitepeptides.com,taken,human,-,-,-,-
immortalpeptide.com,available,human,AVAIL,AVAIL,AVAIL,AVAIL
immortalpeptides.com,taken,human,-,-,-,-
immunelabs.com,taken,human,-,-,-,-
immunepeptide.com,available,human,AVAIL,AVAIL,AVAIL,AVAIL
immunepeptides.com,taken,human,-,-,-,-
immunitypeptide.com,available,human,AVAIL,AVAIL,AVAIL,AVAIL
immunitypeptides.com,taken,human,-,-,-,-
imperialpeptide.com,available,human,AVAIL,AVAIL,AVAIL,AVAIL
imperialpeptides.com,taken,human,-,-,-,-
indigopeptide.com,available,human,AVAIL,AVAIL,AVAIL,AVAIL
indigopeptides.com,taken,human,-,-,-,-
infinitepeptide.com,taken,human,-,-,-,-
infinitepeptides.com,taken,human,-,-,-,-
ironlabs.com,taken,human,-,-,-,-
ironpeptide.com,taken,human,-,-,-,-
ironpeptides.com,available,human,taken,taken,AVAIL,AVAIL
ivorypeptide.com,taken,human,-,-,-,-
ivorypeptides.com,taken,human,-,-,-,-
jackedpeptide.com,available,human,AVAIL,AVAIL,AVAIL,AVAIL
jackedpeptides.com,taken,human,-,-,-,-
jacksonholepeptide.com,available,place,AVAIL,AVAIL,AVAIL,AVAIL
jacksonholepeptides.com,available,place,AVAIL,AVAIL,AVAIL,AVAIL
joinpeptide.com,taken,human,-,-,-,-
justpeptides.com,taken,human,-,-,-,-
k9core.com,taken,dog,-,-,-,-
k9labs.com,taken,dog,-,-,-,-
k9llagen.com,available,dog,AVAIL,AVAIL,AVAIL,AVAIL
k9longevity.com,taken,dog,-,-,-,-
k9peptide.com,taken,dog,-,-,-,-
k9peptides.com,taken,dog,-,-,-,-
k9prime.com,taken,dog,-,-,-,-
k9renew.com,available,dog,AVAIL,AVAIL,AVAIL,AVAIL
k9span.com,taken,dog,-,-,-,-
k9thrive.com,taken,dog,-,-,-,-
k9vital.com,taken,dog,-,-,-,-
k9wellness.com,taken,dog,-,-,-,-
keystonepeptide.com,taken,human,-,-,-,-
keystonepeptides.com,taken,human,-,-,-,-
keywestpeptide.com,available,place,AVAIL,AVAIL,AVAIL,AVAIL
keywestpeptides.com,taken,place,-,-,-,-
kiawahpeptide.com,available,place,AVAIL,AVAIL,AVAIL,AVAIL
kiawahpeptides.com,available,place,AVAIL,AVAIL,AVAIL,AVAIL
kindly.com,taken,human,-,-,-,-
kindredpeptide.com,available,human,AVAIL,AVAIL,AVAIL,AVAIL
kindredpeptides.com,taken,human,-,-,-,-
kineticpeptide.com,taken,human,-,-,-,-
kineticpeptides.com,taken,human,-,-,-,-
kingpeptide.com,taken,human,-,-,-,-
kingpeptides.com,taken,human,-,-,-,-
lagunapeptide.com,available,place,AVAIL,AVAIL,AVAIL,AVAIL
lagunapeptides.com,taken,place,-,-,-,-
lajollapeptide.com,available,place,AVAIL,AVAIL,AVAIL,AVAIL
lajollapeptides.com,available,place,AVAIL,AVAIL,AVAIL,AVAIL
laketahoepeptide.com,available,place,AVAIL,AVAIL,AVAIL,AVAIL
laketahoepeptides.com,available,place,AVAIL,AVAIL,AVAIL,AVAIL
lanternpeptide.com,available,human,AVAIL,AVAIL,AVAIL,AVAIL
lanternpeptides.com,taken,human,-,-,-,-
leanlabs.com,taken,human,-,-,-,-
leanpeptide.com,taken,human,-,-,-,-
leanpeptides.com,taken,human,-,-,-,-
ledgerpeptide.com,available,human,AVAIL,AVAIL,AVAIL,AVAIL
ledgerpeptides.com,available,human,AVAIL,AVAIL,AVAIL,AVAIL
legacypeptide.com,taken,human,-,-,-,-
legacypeptides.com,taken,human,-,-,-,-
libertypeptide.com,taken,human,-,-,-,-
libertypeptides.com,taken,human,-,-,-,-
lifespanpeptide.com,taken,human,-,-,-,-
lifespanpeptides.com,taken,human,-,-,-,-
liftpeptide.com,available,human,AVAIL,AVAIL,AVAIL,AVAIL
liftpeptides.com,taken,human,-,-,-,-
limitlesspeptide.com,taken,human,-,-,-,-
limitlesspeptides.com,taken,human,-,-,-,-
lonepeptide.com,available,human,AVAIL,AVAIL,AVAIL,AVAIL
lonepeptides.com,available,human,AVAIL,AVAIL,AVAIL,AVAIL
longerleash.com,taken,human,-,-,-,-
longevitylabs.com,unknown,human,-,-,-,-
longevitypeptide.com,taken,human,-,-,-,-
longevitypeptides.com,unknown,human,-,-,-,-
longevouspeptide.com,available,human,AVAIL,AVAIL,AVAIL,AVAIL
longevouspeptides.com,available,human,AVAIL,AVAIL,AVAIL,AVAIL
loyalhound.com,taken,dog,-,-,-,-
loyalpaws.com,taken,dog,-,-,-,-
lucent.com,taken,human,-,-,-,-
lumenlabs.com,taken,human,-,-,-,-
lumenpeptide.com,taken,human,-,-,-,-
lumenpeptides.com,taken,human,-,-,-,-
luminouspeptide.com,available,human,AVAIL,AVAIL,AVAIL,AVAIL
luminouspeptides.com,taken,human,-,-,-,-
lumira.com,taken,human,-,-,-,-
lumitide.com,taken,human,-,-,-,-
lunapeptide.com,taken,human,-,-,-,-
lunapeptides.com,taken,human,-,-,-,-
lyricpeptide.com,available,human,AVAIL,AVAIL,AVAIL,AVAIL
lyricpeptides.com,available,human,AVAIL,AVAIL,AVAIL,AVAIL
machpeptide.com,available,human,AVAIL,AVAIL,AVAIL,AVAIL
machpeptides.com,available,human,AVAIL,AVAIL,AVAIL,AVAIL
madisonavepeptide.com,available,place,AVAIL,AVAIL,AVAIL,AVAIL
madisonavepeptides.com,available,place,AVAIL,AVAIL,AVAIL,AVAIL
majesticpeptide.com,taken,human,-,-,-,-
majesticpeptides.com,taken,human,-,-,-,-
malibulabs.com,taken,place,-,-,-,-
malibupeptide.com,available,place,AVAIL,AVAIL,AVAIL,AVAIL
malibupeptides.com,taken,place,-,-,-,-
manhattanpeptide.com,available,place,AVAIL,AVAIL,AVAIL,AVAIL
manhattanpeptides.com,taken,place,-,-,-,-
marblepeptide.com,available,human,AVAIL,AVAIL,AVAIL,AVAIL
marblepeptides.com,taken,human,-,-,-,-
marthasvineyardpeptide.com,available,place,AVAIL,AVAIL,AVAIL,AVAIL
marthasvineyardpeptides.com,available,place,AVAIL,AVAIL,AVAIL,AVAIL
mavenpeptide.com,available,human,AVAIL,AVAIL,AVAIL,AVAIL
mavenpeptides.com,taken,human,-,-,-,-
medicalpeptide.com,taken,human,-,-,-,-
medicalpeptides.com,taken,human,-,-,-,-
memorypeptide.com,available,human,AVAIL,AVAIL,AVAIL,AVAIL
memorypeptides.com,taken,human,-,-,-,-
mentalpeptide.com,available,human,AVAIL,AVAIL,AVAIL,AVAIL
mentalpeptides.com,taken,human,-,-,-,-
meridianpeptide.com,taken,human,-,-,-,-
meridianpeptides.com,taken,human,-,-,-,-
meridide.com,available,human,AVAIL,AVAIL,AVAIL,AVAIL
meritpeptide.com,available,human,AVAIL,AVAIL,AVAIL,AVAIL
meritpeptides.com,taken,human,-,-,-,-
mesapeptide.com,available,human,AVAIL,AVAIL,AVAIL,AVAIL
mesapeptides.com,taken,human,-,-,-,-
metaboliclabs.com,taken,human,-,-,-,-
metabolicpeptide.com,taken,human,-,-,-,-
metabolicpeptides.com,taken,human,-,-,-,-
mindpeptide.com,taken,human,-,-,-,-
mindpeptides.com,taken,human,-,-,-,-
mitochondriapeptide.com,taken,human,-,-,-,-
mitochondriapeptides.com,taken,human,-,-,-,-
mitolabs.com,taken,human,-,-,-,-
mitopeptide.com,taken,human,-,-,-,-
mitopeptides.com,taken,human,-,-,-,-
modernpeptide.com,taken,human,-,-,-,-
modernpeptides.com,taken,human,-,-,-,-
modernuspeptide.com,available,human,AVAIL,AVAIL,AVAIL,AVAIL
modernuspeptides.com,available,human,AVAIL,AVAIL,AVAIL,AVAIL
momentumpeptide.com,taken,human,-,-,-,-
momentumpeptides.com,taken,human,-,-,-,-
montauklabs.com,taken,place,-,-,-,-
montaukpeptide.com,available,place,AVAIL,AVAIL,AVAIL,AVAIL
montaukpeptides.com,available,place,AVAIL,AVAIL,AVAIL,AVAIL
montecitopeptide.com,taken,place,-,-,-,-
montecitopeptides.com,taken,place,-,-,-,-
moredogyears.com,taken,human,-,-,-,-
mountainpeptide.com,available,human,AVAIL,AVAIL,AVAIL,AVAIL
mountainpeptides.com,taken,human,-,-,-,-
musclepeptide.com,taken,human,-,-,-,-
musclepeptides.com,taken,human,-,-,-,-
mypeptide.com,taken,human,-,-,-,-
mypeptides.com,taken,human,-,-,-,-
nadpluspeptide.com,taken,human,-,-,-,-
nadpluspeptides.com,taken,human,-,-,-,-
nantucketlabs.com,taken,place,-,-,-,-
nantucketpeptide.com,available,place,AVAIL,AVAIL,AVAIL,AVAIL
nantucketpeptides.com,available,place,AVAIL,AVAIL,AVAIL,AVAIL
napapeptide.com,available,place,AVAIL,AVAIL,AVAIL,AVAIL
napapeptides.com,taken,place,-,-,-,-
naplespeptide.com,taken,place,-,-,-,-
naplespeptides.com,taken,place,-,-,-,-
nationalpeptide.com,taken,human,-,-,-,-
nationalpeptides.com,taken,human,-,-,-,-
neurolabs.com,taken,human,-,-,-,-
newportlabs.com,taken,place,-,-,-,-
newportpeptide.com,taken,place,-,-,-,-
newportpeptides.com,taken,place,-,-,-,-
nextgenpeptide.com,taken,human,-,-,-,-
nextgenpeptides.com,taken,human,-,-,-,-
nextpeptide.com,taken,human,-,-,-,-
nextpeptides.com,taken,human,-,-,-,-
nitropeptide.com,taken,human,-,-,-,-
nitropeptides.com,taken,human,-,-,-,-
noblehound.com,taken,dog,-,-,-,-
noblepaws.com,taken,dog,-,-,-,-
noblepeptide.com,taken,human,-,-,-,-
noblepeptides.com,taken,human,-,-,-,-
northpeptide.com,taken,human,-,-,-,-
northpeptides.com,taken,human,-,-,-,-
northstarpeptide.com,taken,human,-,-,-,-
northstarpeptides.com,taken,human,-,-,-,-
novapeptide.com,taken,human,-,-,-,-
novapeptides.com,taken,human,-,-,-,-
noveltide.com,taken,human,-,-,-,-
noventide.com,taken,human,-,-,-,-
nuvitae.com,taken,human,-,-,-,-
oakpeptide.com,available,human,AVAIL,AVAIL,AVAIL,AVAIL
oakpeptides.com,taken,human,-,-,-,-
obeliskpeptide.com,taken,human,-,-,-,-
obeliskpeptides.com,taken,human,-,-,-,-
odysseypeptide.com,taken,human,-,-,-,-
odysseypeptides.com,taken,human,-,-,-,-
ojaipeptide.com,available,place,AVAIL,AVAIL,AVAIL,AVAIL
ojaipeptides.com,available,place,AVAIL,AVAIL,AVAIL,AVAIL
olympianpeptide.com,available,human,AVAIL,AVAIL,AVAIL,AVAIL
olympianpeptides.com,taken,human,-,-,-,-
omegapeptide.com,taken,human,-,-,-,-
omegapeptides.com,taken,human,-,-,-,-
onlypeptides.com,unknown,human,-,-,-,-
onyxpeptide.com,taken,human,-,-,-,-
onyxpeptides.com,taken,human,-,-,-,-
opalpeptide.com,taken,human,-,-,-,-
opalpeptides.com,taken,human,-,-,-,-
optimalpeptide.com,taken,human,-,-,-,-
optimalpeptides.com,taken,human,-,-,-,-
optimumpeptide.com,taken,human,-,-,-,-
optimumpeptides.com,unknown,human,-,-,-,-
orbitpeptide.com,taken,human,-,-,-,-
orbitpeptides.com,taken,human,-,-,-,-
orenda.com,taken,human,-,-,-,-
originpeptide.com,taken,human,-,-,-,-
originpeptides.com,taken,human,-,-,-,-
pacificpalisadespeptide.com,available,place,AVAIL,AVAIL,AVAIL,AVAIL
pacificpalisadespeptides.com,available,place,AVAIL,AVAIL,AVAIL,AVAIL
pacificpeptide.com,taken,human,-,-,-,-
pacificpeptides.com,taken,human,-,-,-,-
palisadespeptide.com,available,place,AVAIL,AVAIL,AVAIL,AVAIL
palisadespeptides.com,taken,place,-,-,-,-
palmbeachlabs.com,unknown,place,-,-,-,-
palmbeachpeptide.com,taken,place,-,-,-,-
palmbeachpeptides.com,taken,place,-,-,-,-
palmspringspeptide.com,available,place,AVAIL,AVAIL,AVAIL,AVAIL
palmspringspeptides.com,available,place,AVAIL,AVAIL,AVAIL,AVAIL
parkcitypeptide.com,available,place,AVAIL,AVAIL,AVAIL,AVAIL
parkcitypeptides.com,taken,place,-,-,-,-
patriotpeptide.com,taken,human,-,-,-,-
patriotpeptides.com,taken,human,-,-,-,-
pawform.com,taken,dog,-,-,-,-
pawlab.com,taken,dog,-,-,-,-
pawlabs.com,taken,dog,-,-,-,-
pawlife.com,taken,dog,-,-,-,-
pawllagen.com,available,dog,AVAIL,AVAIL,AVAIL,AVAIL
pawpeak.com,taken,dog,-,-,-,-
pawpeptides.com,taken,dog,-,-,-,-
pawprime.com,taken,dog,-,-,-,-
pawptides.com,taken,dog,-,-,-,-
pawscience.com,taken,dog,-,-,-,-
pawspan.com,taken,dog,-,-,-,-
pawtein.com,taken,dog,-,-,-,-
pawthrive.com,taken,dog,-,-,-,-
pawtide.com,taken,dog,-,-,-,-
pawtides.com,taken,dog,-,-,-,-
pawvital.com,taken,dog,-,-,-,-
pawvitals.com,taken,dog,-,-,-,-
pawwell.com,taken,dog,-,-,-,-
peakhound.com,taken,dog,-,-,-,-
peaklabs.com,unknown,human,-,-,-,-
peakpeptide.com,taken,human,-,-,-,-
peakpeptides.com,available,human,AVAIL,taken,AVAIL,AVAIL
peakpup.com,taken,dog,-,-,-,-
pepcore.com,taken,human,-,-,-,-
pepdog.com,taken,human,-,-,-,-
peplab.com,unknown,human,-,-,-,-
peplabs.com,unknown,human,-,-,-,-
peppaw.com,taken,dog,-,-,-,-
peppaws.com,taken,dog,-,-,-,-
peppup.com,taken,dog,-,-,-,-
peppups.com,taken,dog,-,-,-,-
pepscience.com,taken,human,-,-,-,-
peptail.com,taken,dog,-,-,-,-
peptalis.com,taken,human,-,-,-,-
peptane.com,taken,human,-,-,-,-
peptara.com,taken,human,-,-,-,-
peptera.com,taken,human,-,-,-,-
pepthera.com,taken,human,-,-,-,-
pepthrive.com,taken,human,-,-,-,-
peptidebar.com,taken,human,-,-,-,-
peptidecentral.com,taken,human,-,-,-,-
peptideclinic.com,taken,human,-,-,-,-
peptideclub.com,taken,human,-,-,-,-
peptideco.com,taken,human,-,-,-,-
peptidecore.com,taken,human,-,-,-,-
peptidecove.com,taken,human,-,-,-,-
peptidecraft.com,taken,human,-,-,-,-
peptidedepot.com,taken,human,-,-,-,-
peptidedirect.com,taken,human,-,-,-,-
peptidedogs.com,taken,human,-,-,-,-
peptidedose.com,taken,human,-,-,-,-
peptideedge.com,taken,human,-,-,-,-
peptideflow.com,taken,human,-,-,-,-
peptideforge.com,taken,human,-,-,-,-
peptideform.com,taken,human,-,-,-,-
peptidefoundry.com,taken,human,-,-,-,-
peptideharbor.com,taken,human,-,-,-,-
peptidehaus.com,taken,human,-,-,-,-
peptidehealth.com,taken,human,-,-,-,-
peptidehouse.com,taken,human,-,-,-,-
peptidehq.com,taken,human,-,-,-,-
peptidehub.com,taken,human,-,-,-,-
peptideinstitute.com,taken,human,-,-,-,-
peptidelab.com,taken,human,-,-,-,-
peptidelabs.com,unknown,human,-,-,-,-
peptidelife.com,taken,human,-,-,-,-
peptidely.com,taken,human,-,-,-,-
peptidemarket.com,taken,human,-,-,-,-
peptidemd.com,taken,human,-,-,-,-
peptidemethod.com,taken,human,-,-,-,-
peptidenation.com,taken,human,-,-,-,-
peptidenorth.com,taken,human,-,-,-,-
peptideone.com,taken,human,-,-,-,-
peptidepath.com,taken,human,-,-,-,-
peptidepaws.com,taken,dog,-,-,-,-
peptidepeak.com,taken,human,-,-,-,-
peptidepet.com,taken,human,-,-,-,-
peptidepets.com,taken,human,-,-,-,-
peptideplus.com,taken,human,-,-,-,-
peptideprime.com,taken,human,-,-,-,-
peptidepro.com,taken,human,-,-,-,-
peptidepros.com,taken,human,-,-,-,-
peptideprotocol.com,taken,human,-,-,-,-
peptidepup.com,taken,dog,-,-,-,-
peptideresearch.com,taken,human,-,-,-,-
peptidereserve.com,taken,human,-,-,-,-
peptideroot.com,taken,human,-,-,-,-
peptiderx.com,taken,human,-,-,-,-
peptidescentral.com,taken,human,-,-,-,-
peptidescience.com,taken,human,-,-,-,-
peptidesciences.com,taken,human,-,-,-,-
peptidesclinic.com,taken,human,-,-,-,-
peptidesclub.com,taken,human,-,-,-,-
peptidesco.com,taken,human,-,-,-,-
peptidescore.com,taken,human,-,-,-,-
peptidesdepot.com,taken,human,-,-,-,-
peptidesdirect.com,unknown,human,-,-,-,-
peptidesdose.com,taken,human,-,-,-,-
peptidesedge.com,taken,human,-,-,-,-
peptidesflow.com,taken,human,-,-,-,-
peptidesfordogs.com,taken,human,-,-,-,-
peptidesforge.com,taken,human,-,-,-,-
peptidesform.com,available,human,AVAIL,AVAIL,AVAIL,AVAIL
peptidesforpets.com,taken,human,-,-,-,-
peptidesforpups.com,taken,dog,-,-,-,-
peptideshaus.com,taken,human,-,-,-,-
peptideshealth.com,taken,human,-,-,-,-
peptideshop.com,unknown,human,-,-,-,-
peptideshouse.com,taken,human,-,-,-,-
peptideshq.com,taken,human,-,-,-,-
peptideshub.com,taken,human,-,-,-,-
peptidesinstitute.com,taken,human,-,-,-,-
peptideslab.com,taken,human,-,-,-,-
peptideslabs.com,taken,human,-,-,-,-
peptideslife.com,taken,human,-,-,-,-
peptidesmarket.com,taken,human,-,-,-,-
peptidesmd.com,taken,human,-,-,-,-
peptidesmethod.com,available,human,AVAIL,AVAIL,AVAIL,AVAIL
peptidesnation.com,taken,human,-,-,-,-
peptidesolutions.com,taken,human,-,-,-,-
peptidesone.com,taken,human,-,-,-,-
peptidesource.com,taken,human,-,-,-,-
peptidespath.com,taken,human,-,-,-,-
peptidespeak.com,taken,human,-,-,-,-
peptidesplus.com,unknown,human,-,-,-,-
peptidesprime.com,taken,human,-,-,-,-
peptidespro.com,taken,human,-,-,-,-
peptidespros.com,taken,human,-,-,-,-
peptidesprotocol.com,taken,human,-,-,-,-
peptidesresearch.com,taken,human,-,-,-,-
peptidesrx.com,taken,human,-,-,-,-
peptidesscience.com,taken,human,-,-,-,-
peptidessciences.com,taken,human,-,-,-,-
peptidesshop.com,taken,human,-,-,-,-
peptidessolutions.com,taken,human,-,-,-,-
peptidessource.com,taken,human,-,-,-,-
peptidesstore.com,taken,human,-,-,-,-
peptidessupply.com,available,human,AVAIL,AVAIL,AVAIL,AVAIL
peptidessystems.com,taken,human,-,-,-,-
peptidestore.com,taken,human,-,-,-,-
peptidesupply.com,taken,human,-,-,-,-
peptidesvault.com,taken,human,-,-,-,-
peptideswellness.com,taken,human,-,-,-,-
peptidesworks.com,taken,human,-,-,-,-
peptidesworld.com,taken,human,-,-,-,-
peptidesystems.com,taken,human,-,-,-,-
peptideszone.com,taken,human,-,-,-,-
peptidevault.com,taken,human,-,-,-,-
peptidewellness.com,taken,human,-,-,-,-
peptideworks.com,taken,human,-,-,-,-
peptideworld.com,taken,human,-,-,-,-
peptidezone.com,taken,human,-,-,-,-
peptio.com,taken,human,-,-,-,-
peptipaw.com,taken,dog,-,-,-,-
peptipet.com,taken,human,-,-,-,-
peptipup.com,taken,dog,-,-,-,-
peptiq.com,taken,human,-,-,-,-
peptiva.com,taken,human,-,-,-,-
peptivia.com,taken,human,-,-,-,-
peptivity.com,taken,human,-,-,-,-
peptivo.com,taken,human,-,-,-,-
peptix.com,taken,human,-,-,-,-
peptology.com,taken,human,-,-,-,-
peptopia.com,taken,human,-,-,-,-
peptovi.com,available,human,AVAIL,AVAIL,AVAIL,AVAIL
peptra.com,taken,human,-,-,-,-
peptril.com,taken,human,-,-,-,-
peptura.com,available,human,AVAIL,AVAIL,AVAIL,AVAIL
pepwell.com,taken,human,-,-,-,-
performancepeptide.com,taken,human,-,-,-,-
performancepeptides.com,taken,human,-,-,-,-
petpeptide.com,taken,human,-,-,-,-
petpeptides.com,taken,human,-,-,-,-
phoenixlabs.com,taken,human,-,-,-,-
phoenixpeptide.com,taken,human,-,-,-,-
phoenixpeptides.com,taken,human,-,-,-,-
pinnaclepeptide.com,taken,human,-,-,-,-
pinnaclepeptides.com,taken,human,-,-,-,-
pioneerpeptide.com,taken,human,-,-,-,-
pioneerpeptides.com,taken,human,-,-,-,-
platinumpeptide.com,taken,human,-,-,-,-
platinumpeptides.com,taken,human,-,-,-,-
polarpeptide.com,taken,human,-,-,-,-
polarpeptides.com,taken,human,-,-,-,-
powerhousepeptide.com,taken,human,-,-,-,-
powerhousepeptides.com,taken,human,-,-,-,-
powerlabs.com,taken,human,-,-,-,-
powerpeptide.com,taken,human,-,-,-,-
powerpeptides.com,taken,human,-,-,-,-
precisepeptide.com,taken,human,-,-,-,-
precisepeptides.com,taken,human,-,-,-,-
precisionpeptide.com,taken,human,-,-,-,-
precisionpeptides.com,taken,human,-,-,-,-
premierpeptide.com,taken,human,-,-,-,-
premierpeptides.com,taken,human,-,-,-,-
primeagepeptide.com,available,human,AVAIL,AVAIL,AVAIL,AVAIL
primeagepeptides.com,available,human,AVAIL,AVAIL,AVAIL,AVAIL
primehound.com,taken,dog,-,-,-,-
primepaws.com,taken,dog,-,-,-,-
primepeptide.com,taken,human,-,-,-,-
primepeptides.com,taken,human,-,-,-,-
primepup.com,taken,dog,-,-,-,-
prismpeptide.com,taken,human,-,-,-,-
prismpeptides.com,taken,human,-,-,-,-
prolabs.com,taken,human,-,-,-,-
propeptide.com,taken,human,-,-,-,-
propeptides.com,taken,human,-,-,-,-
protiva.com,taken,human,-,-,-,-
protovia.com,taken,human,-,-,-,-
provenpeptide.com,taken,human,-,-,-,-
provenpeptides.com,taken,human,-,-,-,-
pumplabs.com,taken,human,-,-,-,-
pumppeptide.com,taken,human,-,-,-,-
pumppeptides.com,taken,human,-,-,-,-
pupbio.com,taken,dog,-,-,-,-
pupbiotics.com,taken,dog,-,-,-,-
pupcell.com,available,dog,AVAIL,AVAIL,AVAIL,AVAIL
pupcore.com,taken,dog,-,-,-,-
pupforce.com,taken,dog,-,-,-,-
pupform.com,taken,dog,-,-,-,-
pupfuel.com,taken,dog,-,-,-,-
pupitide.com,available,dog,AVAIL,AVAIL,AVAIL,AVAIL
pupitides.com,available,dog,AVAIL,AVAIL,AVAIL,AVAIL
pupivo.com,taken,dog,-,-,-,-
puplab.com,taken,dog,-,-,-,-
puplabs.com,taken,dog,-,-,-,-
puplife.com,taken,dog,-,-,-,-
pupllagen.com,available,dog,AVAIL,AVAIL,AVAIL,AVAIL
puplongevity.com,taken,dog,-,-,-,-
puppeak.com,unknown,dog,-,-,-,-
puppeptides.com,taken,dog,-,-,-,-
pupprime.com,taken,dog,-,-,-,-
puppypeptides.com,taken,dog,-,-,-,-
puprenew.com,available,dog,AVAIL,AVAIL,AVAIL,AVAIL
puprevive.com,taken,dog,-,-,-,-
pupscience.com,taken,dog,-,-,-,-
pupspan.com,taken,dog,-,-,-,-
pupthrive.com,taken,dog,-,-,-,-
puptide.com,taken,dog,-,-,-,-
puptides.com,taken,dog,-,-,-,-
pupvital.com,taken,dog,-,-,-,-
pupvitality.com,taken,dog,-,-,-,-
pupwell.com,taken,dog,-,-,-,-
purelifepeptide.com,taken,human,-,-,-,-
purelpept.com,available,human,AVAIL,AVAIL,AVAIL,AVAIL
purelypaws.com,taken,dog,-,-,-,-
purelypeptide.com,taken,human,-,-,-,-
purelypeptides.com,taken,human,-,-,-,-
purelypup.com,taken,dog,-,-,-,-
purepeptide.com,taken,human,-,-,-,-
purepeptides.com,taken,human,-,-,-,-
puritide.com,taken,human,-,-,-,-
pursuitlabpeptide.com,available,human,AVAIL,AVAIL,AVAIL,AVAIL
pursuitlabpeptides.com,available,human,AVAIL,AVAIL,AVAIL,AVAIL
pursuitpeptide.com,available,human,AVAIL,AVAIL,AVAIL,AVAIL
pursuitpeptides.com,taken,human,-,-,-,-
quantumpeptide.com,taken,human,-,-,-,-
quantumpeptides.com,taken,human,-,-,-,-
quartzpeptide.com,available,human,AVAIL,AVAIL,AVAIL,AVAIL
quartzpeptides.com,taken,human,-,-,-,-
quillpeptide.com,taken,human,-,-,-,-
quillpeptides.com,taken,human,-,-,-,-
radiantlabs.com,taken,human,-,-,-,-
radiantpeptide.com,taken,human,-,-,-,-
radiantpeptides.com,taken,human,-,-,-,-
rallypeptide.com,available,human,AVAIL,AVAIL,AVAIL,AVAIL
rallypeptides.com,taken,human,-,-,-,-
rampartpeptide.com,available,human,AVAIL,AVAIL,AVAIL,AVAIL
rampartpeptides.com,available,human,AVAIL,AVAIL,AVAIL,AVAIL
rapidpeptide.com,taken,human,-,-,-,-
rapidpeptides.com,taken,human,-,-,-,-
recoverylabs.com,taken,human,-,-,-,-
recoverypeptide.com,taken,human,-,-,-,-
recoverypeptides.com,taken,human,-,-,-,-
redwoodpeptide.com,taken,human,-,-,-,-
redwoodpeptides.com,taken,human,-,-,-,-
regalpeptide.com,available,human,AVAIL,AVAIL,AVAIL,AVAIL
regalpeptides.com,taken,human,-,-,-,-
regeneratepeptide.com,available,human,AVAIL,AVAIL,AVAIL,AVAIL
regeneratepeptides.com,taken,human,-,-,-,-
regenpeptide.com,unknown,human,-,-,-,-
regenpeptides.com,taken,human,-,-,-,-
rejuvenatepeptide.com,taken,human,-,-,-,-
rejuvenatepeptides.com,taken,human,-,-,-,-
relaypeptide.com,available,human,AVAIL,AVAIL,AVAIL,AVAIL
relaypeptides.com,taken,human,-,-,-,-
renaissancepeptide.com,taken,human,-,-,-,-
renaissancepeptides.com,taken,human,-,-,-,-
renewpeptide.com,taken,human,-,-,-,-
renewpeptides.com,taken,human,-,-,-,-
repairpeptide.com,taken,human,-,-,-,-
repairpeptides.com,taken,human,-,-,-,-
reppeptide.com,taken,human,-,-,-,-
reppeptides.com,taken,human,-,-,-,-
republicpeptide.com,taken,human,-,-,-,-
republicpeptides.com,taken,human,-,-,-,-
resiliencepeptide.com,available,human,AVAIL,AVAIL,AVAIL,AVAIL
resiliencepeptides.com,taken,human,-,-,-,-
resilientpeptide.com,taken,human,-,-,-,-
resilientpeptides.com,taken,human,-,-,-,-
restorepeptide.com,taken,human,-,-,-,-
restorepeptides.com,taken,human,-,-,-,-
reveredgepeptide.com,available,human,AVAIL,AVAIL,AVAIL,AVAIL
reveredgepeptides.com,available,human,AVAIL,AVAIL,AVAIL,AVAIL
reversalpeptide.com,available,human,AVAIL,AVAIL,AVAIL,AVAIL
reversalpeptides.com,available,human,AVAIL,AVAIL,AVAIL,AVAIL
reverselabs.com,taken,human,-,-,-,-
reversepeptide.com,taken,human,-,-,-,-
reversepeptides.com,available,human,AVAIL,AVAIL,AVAIL,AVAIL
revitalizepeptide.com,taken,human,-,-,-,-
revitalizepeptides.com,taken,human,-,-,-,-
revivepeptide.com,taken,human,-,-,-,-
revivepeptides.com,taken,human,-,-,-,-
rewindlabs.com,taken,human,-,-,-,-
rewindpeptide.com,available,human,AVAIL,AVAIL,AVAIL,AVAIL
rewindpeptides.com,available,human,AVAIL,AVAIL,AVAIL,AVAIL
ridgepeptide.com,available,human,AVAIL,AVAIL,AVAIL,AVAIL
ridgepeptides.com,taken,human,-,-,-,-
rippedpeptide.com,available,human,AVAIL,AVAIL,AVAIL,AVAIL
rippedpeptides.com,taken,human,-,-,-,-
risepeptide.com,taken,human,-,-,-,-
risepeptides.com,taken,human,-,-,-,-
rodeopeptide.com,available,place,AVAIL,AVAIL,AVAIL,AVAIL
rodeopeptides.com,taken,place,-,-,-,-
rowanpeptide.com,available,human,AVAIL,AVAIL,AVAIL,AVAIL
rowanpeptides.com,taken,human,-,-,-,-
royalpeptide.com,taken,human,-,-,-,-
royalpeptides.com,taken,human,-,-,-,-
ryepeptide.com,available,place,AVAIL,AVAIL,AVAIL,AVAIL
ryepeptides.com,available,place,AVAIL,AVAIL,AVAIL,AVAIL
sablepeptide.com,available,human,AVAIL,AVAIL,AVAIL,AVAIL
sablepeptides.com,taken,human,-,-,-,-
sagepeptide.com,taken,human,-,-,-,-
sagepeptides.com,taken,human,-,-,-,-
sagharborpeptide.com,available,place,AVAIL,AVAIL,AVAIL,AVAIL
sagharborpeptides.com,available,place,AVAIL,AVAIL,AVAIL,AVAIL
sanibelpeptide.com,available,place,AVAIL,AVAIL,AVAIL,AVAIL
sanibelpeptides.com,available,place,AVAIL,AVAIL,AVAIL,AVAIL
saratogapeptide.com,available,place,AVAIL,AVAIL,AVAIL,AVAIL
saratogapeptides.com,available,place,AVAIL,AVAIL,AVAIL,AVAIL
sausalitopeptide.com,available,place,AVAIL,AVAIL,AVAIL,AVAIL
sausalitopeptides.com,available,place,AVAIL,AVAIL,AVAIL,AVAIL
savannahpeptide.com,available,place,AVAIL,AVAIL,AVAIL,AVAIL
savannahpeptides.com,taken,place,-,-,-,-
scottsdalelabs.com,taken,place,-,-,-,-
scottsdalepeptide.com,available,place,AVAIL,AVAIL,AVAIL,AVAIL
scottsdalepeptides.com,taken,place,-,-,-,-
seaislandpeptide.com,available,place,AVAIL,AVAIL,AVAIL,AVAIL
seaislandpeptides.com,available,place,AVAIL,AVAIL,AVAIL,AVAIL
sedonalabs.com,taken,place,-,-,-,-
sedonapeptide.com,taken,place,-,-,-,-
sedonapeptides.com,taken,place,-,-,-,-
senolyticlabs.com,taken,human,-,-,-,-
senolyticpeptide.com,taken,human,-,-,-,-
senolyticpeptides.com,taken,human,-,-,-,-
sentinelpeptide.com,available,human,AVAIL,AVAIL,AVAIL,AVAIL
sentinelpeptides.com,taken,human,-,-,-,-
sequoiapeptide.com,available,human,AVAIL,AVAIL,AVAIL,AVAIL
sequoiapeptides.com,available,human,AVAIL,AVAIL,AVAIL,AVAIL
shreddedpeptide.com,available,human,AVAIL,AVAIL,AVAIL,AVAIL
shreddedpeptides.com,taken,human,-,-,-,-
shredlab.com,taken,human,-,-,-,-
shredlabs.com,taken,human,-,-,-,-
shredpeptide.com,available,human,AVAIL,AVAIL,AVAIL,AVAIL
shredpeptides.com,taken,human,-,-,-,-
sierrapeptide.com,taken,human,-,-,-,-
sierrapeptides.com,taken,human,-,-,-,-
signalpeptide.com,taken,human,-,-,-,-
signalpeptides.com,taken,human,-,-,-,-
silverbackpeptide.com,taken,human,-,-,-,-
silverbackpeptides.com,taken,human,-,-,-,-
silverpeptide.com,taken,human,-,-,-,-
silverpeptides.com,taken,human,-,-,-,-
simplepeptide.com,taken,human,-,-,-,-
simplepeptides.com,taken,human,-,-,-,-
simplypeptides.com,taken,human,-,-,-,-
sirtuinpeptide.com,available,human,AVAIL,AVAIL,AVAIL,AVAIL
sirtuinpeptides.com,available,human,AVAIL,AVAIL,AVAIL,AVAIL
sitstaythrive.com,taken,human,-,-,-,-
slatepeptide.com,available,human,AVAIL,AVAIL,AVAIL,AVAIL
slatepeptides.com,taken,human,-,-,-,-
snouthealth.com,taken,dog,-,-,-,-
snoutpeptides.com,taken,dog,-,-,-,-
snoutvital.com,available,dog,AVAIL,AVAIL,AVAIL,AVAIL
snoutwell.com,taken,dog,-,-,-,-
sohopeptide.com,available,place,AVAIL,AVAIL,AVAIL,AVAIL
sohopeptides.com,taken,place,-,-,-,-
solacepeptide.com,taken,human,-,-,-,-
solacepeptides.com,unknown,human,-,-,-,-
solidpeptide.com,taken,human,-,-,-,-
solidpeptides.com,taken,human,-,-,-,-
solsticepeptide.com,available,human,AVAIL,AVAIL,AVAIL,AVAIL
solsticepeptides.com,taken,human,-,-,-,-
solura.com,taken,human,-,-,-,-
sonomapeptide.com,available,place,AVAIL,AVAIL,AVAIL,AVAIL
sonomapeptides.com,available,place,AVAIL,AVAIL,AVAIL,AVAIL
sourcepeptide.com,taken,human,-,-,-,-
sourcepeptides.com,unknown,human,-,-,-,-
southamptonpeptide.com,available,place,AVAIL,AVAIL,AVAIL,AVAIL
southamptonpeptides.com,available,place,AVAIL,AVAIL,AVAIL,AVAIL
southpeptide.com,available,human,AVAIL,AVAIL,AVAIL,AVAIL
southpeptides.com,taken,human,-,-,-,-
sovereignpeptide.com,taken,human,-,-,-,-
sovereignpeptides.com,taken,human,-,-,-,-
spartanlabs.com,taken,human,-,-,-,-
spartanpeptide.com,taken,human,-,-,-,-
spartanpeptides.com,taken,human,-,-,-,-
spiritpeptide.com,unknown,human,-,-,-,-
spiritpeptides.com,taken,human,-,-,-,-
sprucepeptide.com,available,human,AVAIL,AVAIL,AVAIL,AVAIL
sprucepeptides.com,taken,human,-,-,-,-
staminapeptide.com,available,human,AVAIL,AVAIL,AVAIL,AVAIL
staminapeptides.com,taken,human,-,-,-,-
starpeptide.com,taken,human,-,-,-,-
starpeptides.com,taken,human,-,-,-,-
staspenpeptide.com,available,place,AVAIL,AVAIL,AVAIL,AVAIL
staspenpeptides.com,available,place,AVAIL,AVAIL,AVAIL,AVAIL
stbarthspeptide.com,available,place,AVAIL,AVAIL,AVAIL,AVAIL
stbarthspeptides.com,available,place,AVAIL,AVAIL,AVAIL,AVAIL
steelpeptide.com,taken,human,-,-,-,-
steelpeptides.com,taken,human,-,-,-,-
stellarpeptide.com,taken,human,-,-,-,-
stellarpeptides.com,taken,human,-,-,-,-
sterlingpeptide.com,taken,human,-,-,-,-
sterlingpeptides.com,available,human,AVAIL,AVAIL,AVAIL,AVAIL
stonepeptide.com,available,human,AVAIL,AVAIL,AVAIL,AVAIL
stonepeptides.com,taken,human,-,-,-,-
strengthpeptide.com,taken,human,-,-,-,-
strengthpeptides.com,taken,human,-,-,-,-
strongpeptide.com,taken,human,-,-,-,-
strongpeptides.com,taken,human,-,-,-,-
summitpeakpeptide.com,available,human,AVAIL,AVAIL,AVAIL,AVAIL
summitpeakpeptides.com,available,human,AVAIL,AVAIL,AVAIL,AVAIL
summitpeptide.com,taken,human,-,-,-,-
summitpeptides.com,taken,human,-,-,-,-
sunvalleypeptide.com,available,place,AVAIL,AVAIL,AVAIL,AVAIL
sunvalleypeptides.com,available,place,AVAIL,AVAIL,AVAIL,AVAIL
superiorpeptide.com,taken,human,-,-,-,-
superiorpeptides.com,taken,human,-,-,-,-
supremepeptide.com,taken,human,-,-,-,-
supremepeptides.com,taken,human,-,-,-,-
sweatpeptide.com,available,human,AVAIL,AVAIL,AVAIL,AVAIL
sweatpeptides.com,available,human,AVAIL,AVAIL,AVAIL,AVAIL
swiftpeptide.com,taken,human,-,-,-,-
swiftpeptides.com,taken,human,-,-,-,-
swolepeptide.com,available,human,AVAIL,AVAIL,AVAIL,AVAIL
swolepeptides.com,taken,human,-,-,-,-
tacticallabs.com,taken,human,-,-,-,-
tacticalpeptide.com,available,human,AVAIL,AVAIL,AVAIL,AVAIL
tacticalpeptides.com,taken,human,-,-,-,-
tahoelabs.com,taken,place,-,-,-,-
tahoepeptide.com,available,place,AVAIL,AVAIL,AVAIL,AVAIL
tahoepeptides.com,taken,place,-,-,-,-
tailpeptides.com,taken,dog,-,-,-,-
tailthrive.com,taken,dog,-,-,-,-
tailvital.com,taken,dog,-,-,-,-
tailwag.com,taken,dog,-,-,-,-
talonpeptide.com,available,human,AVAIL,AVAIL,AVAIL,AVAIL
talonpeptides.com,taken,human,-,-,-,-
telluridepeptide.com,available,place,AVAIL,AVAIL,AVAIL,AVAIL
telluridepeptides.com,available,place,AVAIL,AVAIL,AVAIL,AVAIL
telomerelabs.com,taken,human,-,-,-,-
telomerepeptide.com,available,human,AVAIL,AVAIL,AVAIL,AVAIL
telomerepeptides.com,taken,human,-,-,-,-
tempopeptide.com,available,human,AVAIL,AVAIL,AVAIL,AVAIL
tempopeptides.com,taken,human,-,-,-,-
tetherpeptide.com,available,human,AVAIL,AVAIL,AVAIL,AVAIL
tetherpeptides.com,available,human,AVAIL,AVAIL,AVAIL,AVAIL
texaspeptide.com,taken,human,-,-,-,-
texaspeptides.com,taken,human,-,-,-,-
thepeptideco.com,taken,human,-,-,-,-
thepeptidelab.com,taken,human,-,-,-,-
thepeptidestore.com,taken,human,-,-,-,-
thrivehound.com,taken,dog,-,-,-,-
thrivepaws.com,taken,dog,-,-,-,-
thrivepeptide.com,taken,human,-,-,-,-
thrivepeptides.com,taken,human,-,-,-,-
thrivepup.com,taken,dog,-,-,-,-
thrivo.com,taken,human,-,-,-,-
thrustpeptide.com,available,human,AVAIL,AVAIL,AVAIL,AVAIL
thrustpeptides.com,taken,human,-,-,-,-
tidalpeptide.com,taken,human,-,-,-,-
tidalpeptides.com,taken,human,-,-,-,-
timberpeptide.com,available,human,AVAIL,AVAIL,AVAIL,AVAIL
timberpeptides.com,taken,human,-,-,-,-
timelesslabs.com,taken,human,-,-,-,-
timelesspeptide.com,taken,human,-,-,-,-
timelesspeptides.com,taken,human,-,-,-,-
titanlabs.com,taken,human,-,-,-,-
titanpeptide.com,taken,human,-,-,-,-
titanpeptides.com,unknown,human,-,-,-,-
totempeptide.com,available,human,AVAIL,AVAIL,AVAIL,AVAIL
totempeptides.com,available,human,AVAIL,AVAIL,AVAIL,AVAIL
trailpeptide.com,available,human,AVAIL,AVAIL,AVAIL,AVAIL
trailpeptides.com,available,human,AVAIL,AVAIL,AVAIL,AVAIL
tribecapeptide.com,available,place,AVAIL,AVAIL,AVAIL,AVAIL
tribecapeptides.com,taken,place,-,-,-,-
tributepeptide.com,available,human,AVAIL,AVAIL,AVAIL,AVAIL
tributepeptides.com,available,human,AVAIL,AVAIL,AVAIL,AVAIL
triumphpeptide.com,available,human,AVAIL,AVAIL,AVAIL,AVAIL
triumphpeptides.com,taken,human,-,-,-,-
truehound.com,unknown,dog,-,-,-,-
truenorthpeptide.com,taken,human,-,-,-,-
truenorthpeptides.com,taken,human,-,-,-,-
truepaw.com,taken,dog,-,-,-,-
truepaws.com,taken,dog,-,-,-,-
truepeptide.com,taken,human,-,-,-,-
truepeptides.com,taken,human,-,-,-,-
truepup.com,taken,dog,-,-,-,-
trustedpeptide.com,taken,human,-,-,-,-
trustedpeptides.com,taken,human,-,-,-,-
trustpeptide.com,taken,human,-,-,-,-
trustpeptides.com,taken,human,-,-,-,-
trypeptide.com,taken,human,-,-,-,-
trypeptides.com,taken,human,-,-,-,-
turbopeptide.com,taken,human,-,-,-,-
turbopeptides.com,taken,human,-,-,-,-
unitedpeptide.com,taken,human,-,-,-,-
unitedpeptides.com,taken,human,-,-,-,-
unitypeptide.com,unknown,human,-,-,-,-
unitypeptides.com,taken,human,-,-,-,-
usapeptide.com,taken,human,-,-,-,-
usapeptides.com,taken,human,-,-,-,-
v612.com,taken,human,-,-,-,-
vaillabs.com,taken,place,-,-,-,-
vailpeptide.com,available,place,AVAIL,AVAIL,AVAIL,AVAIL
vailpeptides.com,available,place,AVAIL,AVAIL,AVAIL,AVAIL
valorpeptide.com,taken,human,-,-,-,-
valorpeptides.com,taken,human,-,-,-,-
vanguardpeptide.com,taken,human,-,-,-,-
vanguardpeptides.com,taken,human,-,-,-,-
vantagepeptide.com,taken,human,-,-,-,-
vantagepeptides.com,taken,human,-,-,-,-
vantagepointpeptide.com,available,human,AVAIL,AVAIL,AVAIL,AVAIL
vantagepointpeptides.com,taken,human,-,-,-,-
varsitypeptide.com,available,human,AVAIL,AVAIL,AVAIL,AVAIL
varsitypeptides.com,taken,human,-,-,-,-
vascularpeptide.com,available,human,AVAIL,AVAIL,AVAIL,AVAIL
vascularpeptides.com,taken,human,-,-,-,-
vastpeptide.com,taken,human,-,-,-,-
vastpeptides.com,taken,human,-,-,-,-
vectorpeptide.com,taken,human,-,-,-,-
vectorpeptides.com,taken,human,-,-,-,-
velocitypeptide.com,taken,human,-,-,-,-
velocitypeptides.com,taken,human,-,-,-,-
verano.com,taken,human,-,-,-,-
verifiedpeptide.com,taken,human,-,-,-,-
verifiedpeptides.com,taken,human,-,-,-,-
veritaspeptide.com,taken,human,-,-,-,-
veritaspeptides.com,taken,human,-,-,-,-
veritide.com,taken,human,-,-,-,-
vertexpeptide.com,taken,human,-,-,-,-
vertexpeptides.com,taken,human,-,-,-,-
vesselpeptide.com,available,human,AVAIL,AVAIL,AVAIL,AVAIL
vesselpeptides.com,taken,human,-,-,-,-
vetpeptide.com,taken,human,-,-,-,-
vetpeptides.com,taken,human,-,-,-,-
victorypeptide.com,unknown,human,-,-,-,-
victorypeptides.com,taken,human,-,-,-,-
vigorpeptide.com,taken,human,-,-,-,-
vigorpeptides.com,taken,human,-,-,-,-
vireo.com,taken,human,-,-,-,-
vireon.com,taken,human,-,-,-,-
virtuepeptide.com,available,human,AVAIL,AVAIL,AVAIL,AVAIL
virtuepeptides.com,taken,human,-,-,-,-
visionarypeptide.com,available,human,AVAIL,AVAIL,AVAIL,AVAIL
visionarypeptides.com,available,human,AVAIL,AVAIL,AVAIL,AVAIL
visionlabs.com,taken,human,-,-,-,-
visionpeptide.com,taken,human,-,-,-,-
visionpeptides.com,taken,human,-,-,-,-
vistapeptide.com,taken,human,-,-,-,-
vistapeptides.com,taken,human,-,-,-,-
vitalhound.com,taken,dog,-,-,-,-
vitalide.com,taken,human,-,-,-,-
vitalispeptide.com,taken,human,-,-,-,-
vitalispeptides.com,taken,human,-,-,-,-
vitalitypeptide.com,taken,human,-,-,-,-
vitalitypeptides.com,taken,human,-,-,-,-
vitalpaws.com,taken,dog,-,-,-,-
vitalpept.com,available,human,AVAIL,AVAIL,AVAIL,AVAIL
vitalpeptide.com,taken,human,-,-,-,-
vitalpeptides.com,taken,human,-,-,-,-
vitalpup.com,taken,dog,-,-,-,-
voyagepeptide.com,available,human,AVAIL,AVAIL,AVAIL,AVAIL
voyagepeptides.com,taken,human,-,-,-,-
waggingwell.com,taken,dog,-,-,-,-
wagpeptides.com,available,dog,AVAIL,AVAIL,AVAIL,AVAIL
wagscience.com,available,dog,AVAIL,AVAIL,AVAIL,AVAIL
wagwell.com,taken,dog,-,-,-,-
wardenpeptide.com,available,human,AVAIL,AVAIL,AVAIL,AVAIL
wardenpeptides.com,available,human,AVAIL,AVAIL,AVAIL,AVAIL
warriorlabs.com,taken,human,-,-,-,-
warriorpeptide.com,taken,human,-,-,-,-
warriorpeptides.com,taken,human,-,-,-,-
wellingtonpeptide.com,available,place,AVAIL,AVAIL,AVAIL,AVAIL
wellingtonpeptides.com,available,place,AVAIL,AVAIL,AVAIL,AVAIL
wellnesspeptide.com,taken,human,-,-,-,-
wellnesspeptides.com,taken,human,-,-,-,-
wellspringpeptide.com,available,human,AVAIL,AVAIL,AVAIL,AVAIL
wellspringpeptides.com,taken,human,-,-,-,-
westpeptide.com,available,human,AVAIL,AVAIL,AVAIL,AVAIL
westpeptides.com,taken,human,-,-,-,-
westportpeptide.com,available,place,AVAIL,AVAIL,AVAIL,AVAIL
westportpeptides.com,available,place,AVAIL,AVAIL,AVAIL,AVAIL
westwardpeptide.com,available,human,AVAIL,AVAIL,AVAIL,AVAIL
westwardpeptides.com,available,human,AVAIL,AVAIL,AVAIL,AVAIL
willowpeptide.com,available,human,AVAIL,AVAIL,AVAIL,AVAIL
willowpeptides.com,available,human,AVAIL,AVAIL,AVAIL,AVAIL
wooflab.com,taken,dog,-,-,-,-
woofvital.com,taken,dog,-,-,-,-
woofwell.com,taken,dog,-,-,-,-
worthavepeptide.com,available,place,AVAIL,AVAIL,AVAIL,AVAIL
worthavepeptides.com,available,place,AVAIL,AVAIL,AVAIL,AVAIL
youngpeptide.com,taken,human,-,-,-,-
youngpeptides.com,taken,human,-,-,-,-
youngpup.com,taken,dog,-,-,-,-
youthfulpeptide.com,available,human,AVAIL,AVAIL,AVAIL,AVAIL
youthfulpeptides.com,taken,human,-,-,-,-
youthlabs.com,taken,human,-,-,-,-
youthpeptide.com,taken,human,-,-,-,-
youthpeptides.com,taken,human,-,-,-,-
youthspanlabs.com,taken,human,-,-,-,-
youthspanpeptide.com,available,human,AVAIL,AVAIL,AVAIL,AVAIL
youthspanpeptides.com,available,human,AVAIL,AVAIL,AVAIL,AVAIL
zenithpeptide.com,taken,human,-,-,-,-
zenithpeptides.com,taken,human,-,-,-,-
zenpeptide.com,taken,human,-,-,-,-
zenpeptides.com,taken,human,-,-,-,-
zentiva.com,taken,human,-,-,-,-
zephyra.com,taken,human,-,-,-,-
zephyrpeptide.com,available,human,AVAIL,AVAIL,AVAIL,AVAIL
zephyrpeptides.com,available,human,AVAIL,AVAIL,AVAIL,AVAIL
zeroagepeptide.com,available,human,AVAIL,AVAIL,AVAIL,AVAIL
zeroagepeptides.com,available,human,AVAIL,AVAIL,AVAIL,AVAIL
